price,metro_minutes,rooms,area,kitchen_area,floor,floors_total,renovation
108800000,5,3,108.8,15.6,3,3,without
53000000,9,3,96.9,11.1,2,5,without
47000000,9,3,103.8,15,6,6,without
170000000,10,3,117,6,3,5,euro
52500000,11,3,92,20,4,21,cosmetic
22450000,7,3,83.5,12.5,16,22,without
17500000,10,3,77.1,13.5,22,25,without
41500000,5,3,106.7,30,15,17,cosmetic
46000000,28,3,70,12.4,2,14,without
33999000,4,3,95.5,14.5,29,29,without
100000000,5,3,90.53,14.1,10,21,euro
24500000,8,3,68.5,9.1,4,6,cosmetic
56650000,17,3,82.2,7.6,37,41,without
115732500,6,3,118.7,16.5,3,5,without
99600000,9,3,83,10,7,13,euro
44000000,17,3,87,13.8,15,22,without
170000000,10,3,169,20.6,4,6,without
131000000,5,3,114,16.1,7,21,euro
40500000,10,3,106.1,32.4,48,58,without
43500000,10,3,105.6,15.6,11,53,without
120000000,15,3,100,14.9,6,7,euro
144170000,5,3,111,15.8,6,8,cosmetic
148070000,7,3,113.9,17,6,12,without
27300000,14,3,90,13,3,9,without
33800000,7,3,90.8,12.6,2,30,cosmetic
45000000,17,3,81.6,28.8,13,28,without
59850000,8,3,126,17.1,3,29,euro
43000000,10,3,118.6,30.4,9,48,without
53000000,7,3,93.8,20,4,14,euro
55000000,16,3,91,30,13,41,without
64000000,6,3,103,15.2,2,11,euro
124000000,15,3,135,18,2,11,euro
145000000,11,3,95,12,7,14,without
65000000,25,3,75.3,13,17,21,without
23800000,5,3,80,16.7,22,30,euro
36000000,7,3,92.9,20.3,5,17,without
34000000,5,3,72.2,8.4,4,30,cosmetic
35490000,3,3,98.5,19.7,3,4,euro
52000000,10,3,133,17.6,15,52,without
182000000,10,3,184.6,21.9,2,8,without
51000000,18,3,98.2,16.9,18,19,without
11990000,16,3,54,11.1,3,4,without
12900000,13,3,62,10,4,17,without
15500000,8,3,72,12.6,6,8,cosmetic
24800000,4,3,62,6.6,1,6,euro
31800000,22,3,93.5,17.1,11,29,without
74800000,23,3,104,27,14,26,without
44988700,5,3,71.2,6.2,2,14,euro
39500000,17,3,81.25,27.4,6,18,cosmetic
64900000,11,3,90,35.1,7,21,without
12000000,8,3,63,7,1,9,euro
14450000,14,3,60.6,6,2,9,cosmetic
24287000,4,3,84,13.6,11,22,euro
26500000,6,3,80,15,19,24,euro
41990000,5,3,78.2,20,2,7,euro
45000000,11,3,107.3,10,22,29,without
45000000,12,3,85.8,13.7,28,42,without
49990000,12,3,89,14,30,37,without
76000000,5,3,121,15.4,6,12,euro
12800000,5,3,60,8,9,9,euro
24000050,15,3,55,11.2,7,8,euro
30800000,10,3,68.5,12.3,7,52,without
32300000,4,3,85,20,29,29,without
39200000,11,3,117.9,34.6,20,20,without
41000000,1,3,90,20,8,13,euro
46000000,14,3,123.8,34,1,16,euro
58000000,7,3,90,20,14,25,without
67000000,7,3,102.9,15.2,3,9,cosmetic
70000000,3,3,100.9,12.9,16,22,euro
69900000,9,3,102,15.1,7,9,euro
76000000,5,3,120.9,15,6,12,euro
93000000,11,3,141.5,18.3,2,8,without
96000000,11,3,100,14.9,7,18,without
160000000,5,3,114,16.1,2,6,euro
194800000,5,3,160,19.9,47,54,euro
27770000,3,3,67.6,12.2,5,12,without
115000000,3,3,146,18.7,4,9,euro
155000000,10,3,125.3,17,6,14,without
33400000,14,3,85,14.4,8,8,cosmetic
37990000,10,4,94.5,14.5,20,58,without
180000000,10,4,187,22.1,7,11,without
71000000,6,4,135.6,37.4,11,21,without
61988000,14,4,115.6,14.1,3,14,without
43000000,10,4,108.2,15.6,11,58,without
52500000,10,4,127.5,17.2,20,58,without
170000000,15,4,170,20.7,2,5,euro
42000000,6,4,113,16,4,44,without
67000000,4,4,84.8,10,2,8,without
43000000,10,4,108,15.6,11,54,without
155000000,6,4,179.2,21.5,2,6,without
156000000,8,4,140,18.2,5,15,without
180000000,7,4,186.8,22.1,7,11,without
92000000,9,4,169,20.6,6,6,without
155000000,6,4,179.2,21.5,2,12,without
180000000,7,4,187,22.1,7,11,without
40500000,10,4,106.1,15.2,48,58,without
79000000,10,4,145.8,15,36,47,euro
80000000,19,4,186.4,22.1,11,44,without
132000000,5,4,133.5,17.7,10,21,euro
185000000,10,4,171,20.8,4,6,without
61000000,10,4,134.5,17.8,15,52,without
149600000,8,4,174,21,12,13,without
43000000,9,4,118.6,30.4,9,48,without
155000000,10,4,133.1,17.7,6,14,without
180000000,8,4,186.6,27,7,11,without
179000000,9,4,140,18.2,4,8,without
52000000,10,4,107,15.5,14,52,euro
83000000,5,4,147,12,15,24,euro
155000000,6,4,179.2,19.4,2,5,without
180000000,3,4,187,22.1,7,11,without
59900000,12,4,145,20,4,32,without
70000000,25,4,184.5,20,8,8,without
78500000,16,4,132.9,9,7,41,without
81700000,8,4,132,15,2,4,euro
104500000,12,4,118,16.4,3,7,without
163990000,10,4,170,20.7,7,12,without
61488700,5,4,116,15,4,14,without
70000000,5,4,185,21.9,8,8,without
74700000,5,4,165,20.3,8,15,without
70000000,25,4,184.5,21.9,8,8,without
176400000,16,4,195.2,22.8,5,5,euro
43000000,7,4,122,12,15,24,euro
72100000,16,4,105,15.3,27,46,without
80000000,10,4,116,20,5,5,euro
85000000,9,4,160,16,2,6,euro
87000000,5,4,145.2,18.7,7,14,cosmetic
150000000,5,4,155.8,19.5,12,21,euro
60000000,20,4,160,10,31,48,euro
61990000,11,4,92,14.3,9,26,without
95000000,7,4,155,19.5,44,53,without
153000000,3,4,140,8,5,9,without
165000000,8,4,184,15,5,7,without
43400000,3,4,146.5,22,26,28,without
85000000,16,4,186,10,35,42,without
80000000,12,4,144.2,18,8,50,euro
59500000,10,4,108,15.6,21,50,without
32700000,2,4,97,14.7,7,7,euro
51988700,28,4,98,15,5,14,without
52000000,10,4,107.7,15,15,52,without
79900000,16,4,137.6,9.4,8,41,without
98500000,5,4,141.3,20,11,13,without
119000000,8,4,200,23.2,7,8,euro
19800000,9,4,87.1,14.3,6,12,euro
42200000,10,4,102,15.1,7,22,without
48500000,8,4,95.6,9,3,8,cosmetic
48999000,5,4,95.8,13,9,14,without
47000000,2,4,108,12,29,39,without
119000000,2,4,168,15,4,6,euro
18800000,13,4,89.8,8.2,3,14,euro
47900000,6,4,102.4,19,14,20,without
85900000,9,4,131.1,17.5,2,17,euro
120000000,2,4,167.8,10,4,5,euro
130000000,3,4,192,28,7,8,euro
165000000,11,4,182,25,6,10,without
164844000,4,4,137,18,8,9,without
44999000,5,4,101,10,6,27,without
62999000,5,4,143,20,16,27,without
75000000,2,4,145.5,20,2,8,euro
49000000,9,5,122.4,16.8,37,48,without
69500000,9,5,164.4,20.2,37,48,without
60000000,4,5,134.7,11.7,2,4,euro
135000000,19,5,172,20,5,20,without
66900000,6,5,150,19,7,7,without
67000000,10,5,136.8,18,19,52,without
83999000,28,5,135,17.8,7,14,without
55000000,18,5,142,18.4,13,13,without
90000000,12,5,158,19.7,30,37,without
68000000,8,5,136,20,2,6,euro
64999000,11,5,150,15,2,6,euro
61488700,28,5,136,15,2,14,without
100899000,28,5,137,15,8,12,without
120000000,10,5,150,19,20,22,cosmetic
56988700,5,5,134,15,10,25,without
89000000,6,5,189,22,3,5,cosmetic
71999000,12,5,200,21,25,28,euro
48000000,5,5,120,20,2,4,euro
119000000,2,5,170,15,4,6,euro
180000000,8,5,198.8,23.1,4,10,without
54900000,15,5,125,20,3,3,euro
99844800,6,5,190,22.4,13,14,without
179000000,8,5,200,23.2,4,13,without
60000000,9,5,135,17.8,2,7,cosmetic
160000000,8,5,180,35,16,24,without
199000000,6,5,177,18,3,7,euro
53000000,18,5,183.5,30,12,14,euro
61488700,5,5,136,15,2,14,without
110000000,9,5,187.2,22.1,16,17,without
140000000,10,5,181.4,20,4,5,euro
180000000,14,5,178,21.4,6,8,without
199000000,6,5,177,25,3,7,euro
62000000,5,5,136,20,2,14,without
69000000,2,5,198.9,36,10,19,euro
130000000,5,5,172,13,4,5,euro
158000000,8,5,180,35,16,24,without
120000000,6,5,170,20,19,25,without
40900000,3,5,142,14.4,12,22,without
68900000,12,5,160,19.9,21,22,without
148900000,7,6,200,23.2,20,22,without
72157940,11,6,172.9,20,27,27,without
89000000,6,6,189,22,3,5,without
46500000,13,6,187,26.6,9,9,without
88000000,11,6,181.7,13,15,15,without
82000000,8,6,176,21.2,2,6,cosmetic
82000000,13,6,176,21.2,2,6,without
35000000,6,6,88.2,10,12,17,without
38900000,4,6,103.2,14.3,3,6,cosmetic
61999999,15,6,138,18.1,33,46,without
104000000,9,6,161,20,22,28,without
106140000,8,6,183,20,23,24,without
8500000,11,1,33.5,7.6,8,17,without
10350000,8,1,38.3,10,17,22,without
10500000,20,1,34.5,9.5,3,16,without
11700000,27,1,34.4,9,12,16,without
14790000,15,1,32,9.3,3,27,without
19000000,10,1,38,9.8,31,58,without
19400000,11,1,35,6,9,9,euro
21300000,9,1,42.6,10.2,28,58,without
24900000,7,1,41.6,20,2,28,without
33000000,17,1,45.5,6.3,3,40,euro
20000000,9,1,42.4,10.1,18,48,without
22000000,9,1,42.4,10.1,37,48,without
19776000,13,1,41.2,10,13,25,euro
31000000,17,1,40.1,9.1,15,40,euro
31500000,17,1,41.1,4.9,16,40,euro
18800000,6,1,46,10.4,30,41,without
15000000,4,1,33,9,6,28,euro
25000000,8,1,38,15,14,17,euro
16974000,6,1,36.9,9.7,2,8,without
14999000,4,1,43.1,17.1,7,30,without
19044000,6,1,41.4,10.1,2,8,without
16698000,6,1,36.3,9.6,2,8,without
12500000,2,1,37.9,9.6,5,25,cosmetic
22500000,9,1,45.52,10.4,4,22,without
15849000,8,1,38,7,4,6,cosmetic
15000000,6,1,39,10.1,18,33,euro
15600000,5,1,60,9.5,4,9,euro
18500000,1,1,37,15,22,29,cosmetic
20300000,8,1,44,15.6,3,14,without
41670000,6,1,46,10.4,3,5,without
44650000,26,1,47,10,4,5,without
10500000,3,1,39.2,8.6,2,14,cosmetic
16000000,14,1,29,9,7,24,without
16900000,6,1,48.8,16.9,21,30,without
17990000,30,1,40,11,25,48,euro
8500000,4,1,30,8,1,4,euro
8762985,10,1,28.1,4,2,4,euro
9300000,7,1,32,6,5,9,cosmetic
10399000,9,1,36,9.3,12,17,euro
11300000,7,1,37.4,7,2,17,without
11500000,13,1,44.3,9.3,13,17,euro
11600000,10,1,34.2,8.6,7,9,euro
11800000,3,1,31.8,6,4,5,cosmetic
12000000,13,1,35,10,5,25,cosmetic
12500000,15,1,51.4,8,4,5,cosmetic
14000000,21,1,43.5,10,11,24,euro
14000000,6,1,35,9.7,13,14,cosmetic
14000000,9,1,37,16,34,38,without
14500000,6,1,39,8,2,17,euro
16400000,7,1,39,9.9,7,37,without
23000000,6,1,44.1,10.3,5,14,without
24000000,18,1,47,12,18,25,without
25000000,8,1,60.2,17,11,29,euro
25000000,13,1,48,10.6,15,51,without
25300000,8,1,60.2,19,15,29,euro
38400000,10,1,54.1,12.7,13,14,without
8900000,15,1,34.9,9,11,12,without
11900000,4,1,44,11,5,24,euro
13100000,15,1,38.6,5.1,12,24,without
14500000,5,1,39,9,2,17,euro
18882500,6,1,42,10.1,10,14,without
20611500,6,1,45.5,10.4,10,14,without
12500000,18,1,40,9.9,16,24,without
8451880,14,1,39.9,10.5,2,25,without
8597740,14,1,41.9,11.6,9,25,without
8739300,14,1,41.3,10.3,2,26,without
9226240,14,1,41.9,11.6,13,25,without
11350000,7,1,34.7,9.5,2,16,cosmetic
41670000,4,1,46.3,10.5,3,5,without
52000000,5,1,52.1,29,3,3,euro
6650000,15,1,20.6,4,4,22,euro
6650000,17,1,20.6,3,3,22,euro
7762971,9,1,21.4,3,2,4,euro
9500000,11,1,20.3,8.3,2,4,euro
11900000,10,1,32,7,5,8,euro
13290000,6,1,38.1,9.8,8,17,cosmetic
13800000,12,1,45,15,29,31,euro
16400000,5,1,41,10,14,30,euro
22000000,10,1,31.7,5,3,9,euro
36700000,7,1,59,14,3,10,cosmetic
49900000,6,1,60.9,11.7,3,13,without
8500000,25,1,36,10,10,19,cosmetic
11090000,15,1,42.7,18.2,7,16,euro
12700000,11,1,39,9,5,14,euro
13500000,8,1,36,9.6,15,17,euro
10200000,6,1,38.3,9.9,4,18,euro
19750000,8,1,36,16,25,42,without
11500000,6,1,38.9,9,12,12,euro
17500000,11,1,42,10,11,25,euro
17500000,7,1,42,10,11,25,euro
20000000,9,1,42.1,15.4,18,48,without
23000000,12,1,41.6,15.5,3,6,without
4000000,15,1,20,5,2,21,euro
5917500,28,1,22.2,3.3,1,6,without
5970100,28,1,22.7,3,1,6,without
6990000,18,1,25.4,4,1,5,euro
7300000,18,1,29.6,4,1,5,euro
7990000,15,1,24.4,3,1,4,euro
8000000,13,1,33,6,9,9,cosmetic
8950000,11,1,39.2,16.4,4,25,without
9000000,7,1,34,6.6,9,12,cosmetic
9250000,11,1,37.5,7,4,17,euro
9400000,11,1,40,9.5,1,17,euro
9900000,29,1,39.1,13,7,13,without
10500000,4,1,36,9.6,3,10,euro
10700000,7,1,41.8,10.4,19,25,euro
11250000,5,1,40,9.8,1,14,euro
12650000,8,1,35.5,13.8,3,12,euro
13500000,15,1,35.9,9.6,6,33,euro
13938000,7,1,20.2,4,3,9,euro
15050000,7,1,25.3,4,4,9,euro
15000000,28,1,33.7,5.7,6,7,euro
15500000,9,1,30,9.1,7,9,cosmetic
16400000,7,1,49.7,10.8,3,8,cosmetic
19500000,7,1,45.15,10.4,4,21,without
23700000,8,1,41,10,23,24,euro
28000000,12,1,42,10.1,13,42,without
29490000,2,1,45.7,5,6,10,without
19000000,8,1,40,9,10,15,euro
23500000,8,1,49.4,13.7,5,11,without
7542696,7,1,27.8,8.9,2,8,cosmetic
8000000,6,1,32.6,7,2,9,without
9500000,10,1,37.9,8,3,16,without
9500000,13,1,39,13,11,16,cosmetic
13000000,10,1,38.4,9,2,14,euro
28300000,7,2,86.2,13.8,13,14,without
65920000,2,2,82.4,13.5,3,8,cosmetic
62904600,2,2,105.9,15.4,3,8,cosmetic
26000000,11,2,65,15,4,38,cosmetic
20000000,17,2,58.4,10,2,24,without
14400000,8,2,38.6,9.8,4,12,cosmetic
18000000,10,2,68.3,10,8,24,euro
10800000,11,2,42.1,5.3,2,5,cosmetic
11900000,7,2,57.1,10.1,21,22,cosmetic
12600000,10,2,36,6.3,23,33,euro
14000000,22,2,53.5,10,9,12,without
20000000,17,2,58.4,9,2,24,without
28500000,19,2,71.8,13.1,4,24,euro
41000000,17,2,64.5,6.2,11,41,without
47000000,17,2,60,5.5,2,41,without
29000000,7,2,81.1,13.3,11,15,euro
99000000,6,2,90,14.1,5,18,without
30500000,9,2,60.1,11.6,27,58,without
10600000,10,2,45.5,8,10,12,without
29000000,26,2,50,15,12,44,without
41000000,9,2,54,9,8,8,euro
46900000,5,2,98.6,14.8,7,12,euro
49000000,4,2,73,13.1,7,10,euro
29000000,5,2,55.2,11.2,5,8,euro
99000000,6,2,90,14.1,5,18,without
120000000,5,2,113.13,16,7,21,euro
11000000,20,2,44.2,5.5,2,5,cosmetic
34000000,28,2,65.2,13.5,1,14,without
47000000,3,2,73,10,7,10,euro
12250000,19,2,44.7,6,2,9,euro
14150000,7,2,64.2,12,2,14,euro
16950000,9,2,54,9.5,1,17,cosmetic
15900000,3,2,48.4,12,8,12,without
23000000,14,2,50.9,10.9,5,14,without
76960000,4,2,59.2,11.5,6,12,without
83000000,4,2,66,12.1,3,8,without
84900000,8,2,90,14.1,3,9,euro
34500000,21,2,55.5,10.2,38,46,without
25000000,8,2,59.7,18,35,37,without
26000000,17,2,55,10.9,23,27,euro
19250000,10,2,60.8,5.4,1,5,cosmetic
23000000,6,2,45,10,8,14,without
31500000,26,2,70,12.4,22,25,without
40990000,16,2,72,7,6,41,without
11200000,20,2,50,8.3,7,17,cosmetic
11900000,5,2,45,7,3,12,without
16500000,8,2,51,11,14,14,euro
25000000,14,2,71,14,5,16,euro
134400000,3,2,64,11.9,2,5,without
13380000,30,2,44.7,6.7,4,9,euro
22900000,11,2,60,19.6,27,27,euro
35995000,25,2,94.2,14.4,7,8,euro
13700000,21,2,76.2,12,1,3,without
18500000,10,2,44,15,3,5,euro
10500000,14,2,37,9.7,3,9,cosmetic
25900000,3,2,56,11.8,26,27,euro
32000000,6,2,82.9,18.8,4,18,without
40400000,13,2,68,12.3,2,5,without
15500000,5,2,56.1,10.6,1,17,euro
27900000,12,2,55,4,20,43,without
82000000,4,2,65.6,12.1,3,9,without
24500000,18,2,61,11.7,6,13,euro
78000000,4,2,60,11.6,6,12,without
83000000,4,2,66,12.1,3,12,without
99000000,6,2,89.7,14,5,12,without
21900000,7,2,54,12,12,47,without
10941180,14,2,63.8,11.7,4,25,without
12500000,7,2,60.2,11,5,13,cosmetic
12800000,10,2,58.3,7.9,3,3,cosmetic
13000000,5,2,46,6.5,11,12,cosmetic
15800000,8,2,55,9.3,14,17,euro
22000000,8,2,65,13.2,11,20,without
25000000,4,2,71,14,5,16,euro
25499000,11,2,46.2,8,2,8,cosmetic
25800000,1,2,56.7,20,39,58,without
26700000,2,2,57,14,44,59,euro
27199000,5,2,64,10,8,25,without
37500000,7,2,41.7,10.1,3,5,euro
44000000,7,2,44.27,10.3,3,5,without
6950000,10,2,46,8,7,7,without
9550000,7,2,40,10,4,14,cosmetic
10500000,18,2,39,7,7,12,cosmetic
10900000,2,2,39,6,4,9,cosmetic
11000000,5,2,44.9,6,7,14,cosmetic
11760000,10,2,49.7,10.8,11,16,without
12500000,12,2,43.4,5.7,5,5,without
12550000,19,2,52.3,10.2,12,16,cosmetic
12600000,10,2,51.1,10.9,5,9,euro
13500000,13,2,55,8.7,2,24,cosmetic
53000000,9,3,96.9,11.1,2,5,without
36000000,10,3,82.5,27.9,36,53,without
47000000,9,3,103.8,15,6,6,without
170000000,10,3,117,6,3,5,euro
36000000,9,3,83,13.9,36,58,without
37900000,10,3,92.5,16.9,20,53,without
52500000,11,3,92,20,4,21,cosmetic
19990000,7,3,59.2,11.5,6,9,cosmetic
13499000,4,3,66.9,12.2,2,12,cosmetic
13500000,5,3,79.1,8.6,2,14,cosmetic
16900000,25,3,79,11,8,9,cosmetic
18500000,5,3,78,13,4,17,cosmetic
21000000,20,3,82.4,26.2,19,22,euro
45000000,26,3,75.5,12.9,13,26,without
40000000,28,3,69,12.3,7,14,without
46000000,28,3,70,12.4,2,14,without
115732500,6,3,118.7,16.5,3,5,without
44500000,9,3,84,8,2,8,without
45000000,10,3,84.6,10,6,6,euro
33999000,4,3,95.5,14.5,29,29,without
34900000,5,3,61.8,8,3,3,cosmetic
55000000,16,3,91,30,13,41,without
100000000,5,3,90.53,14.1,10,21,euro
24500000,8,3,68.5,9.1,4,6,cosmetic
56650000,17,3,82.2,7.6,37,41,without
97799000,6,3,97.8,14.7,10,10,without
44000000,17,3,87,13.8,15,22,without
170000000,10,3,169,20.6,4,6,without
131000000,5,3,114,16.1,7,21,euro
40500000,10,3,106.1,32.4,48,58,without
43500000,10,3,105.6,15.6,11,53,without
120000000,15,3,100,14.9,6,7,euro
65000000,11,3,90,14.1,7,21,without
182240000,7,3,113.9,17,6,12,without
36500000,25,3,79.5,13.2,4,16,euro
23800000,5,3,80,16.7,22,30,euro
33800000,7,3,90.8,12.6,2,30,cosmetic
45000000,17,3,81.6,28.8,13,28,without
59850000,8,3,126,17.1,3,29,euro
43000000,10,3,118.6,30.4,9,48,without
56000000,16,3,146,18.7,11,31,without
64000000,6,3,103,15.2,2,11,euro
124000000,15,3,135,18,2,11,euro
145000000,11,3,95,12,7,14,without
65000000,25,3,75.3,13,17,21,without
36000000,7,3,92.9,20.3,5,17,without
34000000,5,3,72.2,8.4,4,30,cosmetic
35490000,3,3,98.5,19.7,3,4,euro
89000000,8,3,119.2,16.5,3,11,without
182000000,10,3,184.6,21.9,2,8,without
31800000,22,3,93.5,17.1,11,29,without
51000000,18,3,98.2,16.9,18,19,without
12900000,13,3,62,10,4,17,without
15500000,8,3,72,12.6,6,8,cosmetic
34999999,1,3,91.1,12,6,30,euro
74800000,23,3,104,27,14,26,without
44988700,5,3,71.2,6.2,2,14,euro
144170000,4,3,110.9,15.8,6,12,without
21790000,7,3,65.9,9.7,14,16,euro
25000000,9,3,88.3,9.4,4,5,cosmetic
39500000,17,3,81.25,27.4,6,18,cosmetic
41990000,5,3,78.2,20,2,7,euro
45000000,12,3,85.8,13.7,28,42,without
49990000,12,3,89,14,30,37,without
65000000,8,3,90.1,15,7,21,without
76000000,5,3,121,15.4,6,12,euro
28500000,11,3,70,14,3,20,without
32300000,4,3,85,20,29,29,without
41000000,1,3,90,20,8,13,euro
67000000,7,3,102.9,15.2,3,9,cosmetic
69900000,9,3,102,15.1,7,9,euro
76000000,5,3,120.9,15,6,12,euro
93000000,11,3,141.5,18.3,2,8,without
160000000,5,3,114,16.1,2,6,euro
194800000,5,3,160,19.9,47,54,euro
27770000,3,3,67.6,12.2,5,12,without
115000000,3,3,146,18.7,4,9,euro
37990000,10,4,94.5,14.5,20,58,without
43000000,10,4,108.2,15.6,11,58,without
52500000,10,4,127.5,17.2,20,58,without
43000000,9,4,118.6,30.4,9,48,without
43500000,10,4,105.6,15,11,53,without
24500000,18,4,93,11,1,9,euro
180000000,10,4,187,22.1,7,11,without
19600000,9,4,87.1,14.3,6,12,euro
48500000,8,4,95.6,9,3,8,cosmetic
170000000,15,4,170,20.7,2,5,euro
61988000,14,4,115.6,14.1,3,14,without
42000000,6,4,113,16,4,44,without
155000000,6,4,179.2,21.5,2,12,without
180000000,7,4,187,22.1,7,11,without
45000000,6,4,86.5,8.7,5,9,cosmetic
67000000,4,4,84.8,10,2,8,without
80000000,7,4,193.1,18,2,28,without
85988700,5,4,136.5,13,2,12,without
43000000,10,4,108,15.6,11,54,without
155000000,6,4,179.2,21.5,2,6,without
156000000,8,4,140,18.2,5,15,without
180000000,7,4,186.8,22.1,7,11,without
79000000,10,4,145.8,15,36,47,euro
92000000,9,4,169,20.6,6,6,without
40500000,10,4,106.1,15.2,48,58,without
80000000,19,4,186.4,22.1,11,44,without
132000000,5,4,133.5,17.7,10,21,euro
149600000,8,4,174,21,12,13,without
59970000,10,4,102.5,15.1,3,4,cosmetic
85000000,9,4,160,16,2,6,euro
155000000,10,4,133.1,17.7,6,14,without
179000000,9,4,140,18.2,4,8,without
70000000,25,4,184.5,21.9,8,8,without
83000000,5,4,147,12,15,24,euro
155000000,6,4,179.2,19.4,2,5,without
180000000,3,4,187,22.1,7,11,without
59900000,12,4,145,20,4,32,without
70000000,25,4,184.5,20,8,8,without
78500000,16,4,132.9,9,7,41,without
104500000,12,4,118,16.4,3,7,without
104500000,12,4,118,6.3,3,7,without
163990000,10,4,170,20.7,7,12,without
61488700,5,4,116,15,4,14,without
70000000,5,4,185,21.9,8,8,without
36000000,14,4,105.42,15.4,9,9,cosmetic
164844000,4,4,137,18,8,9,without
176400000,16,4,195.2,22.8,5,5,euro
43000000,7,4,122,12,15,24,euro
72100000,16,4,105,15.3,27,46,without
80000000,10,4,116,20,5,5,euro
85000000,12,4,133,17.6,21,44,without
85900000,9,4,131.1,17.5,2,17,euro
150000000,5,4,155.8,19.5,12,21,euro
185000000,10,4,171,20.8,4,6,without
61990000,11,4,92,14.3,9,26,without
67000000,6,4,115,16.2,9,14,without
85900000,6,4,135,17.8,10,14,without
95000000,7,4,155,19.5,44,53,without
153000000,3,4,140,8,5,9,without
165000000,8,4,184,15,5,7,without
85000000,16,4,186,10,35,42,without
80000000,12,4,144.2,18,8,50,euro
34200000,8,4,114,16.1,14,16,cosmetic
52000000,10,4,107,15.5,14,52,euro
61000000,10,4,134.5,17.8,15,52,without
32700000,2,4,97,14.7,7,7,euro
51988700,28,4,98,15,5,14,without
52000000,10,4,107.7,15,15,52,without
79900000,16,4,137.6,9.4,8,41,without
98500000,5,4,141.3,20,11,13,without
119000000,8,4,200,23.2,7,8,euro
18800000,13,4,89.8,8.2,3,14,euro
48999000,5,4,95.8,13,9,14,without
47000000,2,4,108,12,29,39,without
119000000,2,4,168,15,4,6,euro
49900000,9,5,122.4,16.8,37,48,without
69500000,9,5,164.4,20.2,37,48,without
195699000,6,5,195.7,22.8,10,18,without
60000000,4,5,134.7,11.7,2,4,euro
135000000,19,5,172,20,5,20,without
66900000,6,5,150,19,7,7,without
83999000,28,5,135,17.8,7,14,without
55000000,18,5,142,18.4,13,13,without
90000000,12,5,158,19.7,30,37,without
68000000,8,5,136,20,2,6,euro
67000000,10,5,136.8,18,19,52,without
64999000,11,5,150,15,2,6,euro
100899000,28,5,137,15,8,12,without
61488700,28,5,136,15,2,14,without
115000000,10,5,150,19,20,22,cosmetic
50000000,4,5,84.6,13.6,7,26,without
56988700,5,5,134,15,10,25,without
80000000,18,5,127.3,17.2,7,26,without
89000000,6,5,189,22,3,5,cosmetic
61488700,5,5,136,15,2,14,without
71999000,12,5,200,21,25,28,euro
179000000,8,5,200,23.2,4,13,without
48000000,5,5,120,20,2,4,euro
119000000,2,5,170,15,4,6,euro
180000000,8,5,198.8,23.1,4,10,without
54900000,15,5,125,20,3,3,euro
99844800,6,5,190,22.4,13,14,without
60000000,9,5,135,17.8,2,7,cosmetic
160000000,8,5,180,35,16,24,without
180000000,8,5,198.8,17,4,11,without
199000000,6,5,177,18,3,7,euro
53000000,18,5,183.5,30,12,14,euro
110000000,9,5,187.2,22.1,16,17,without
140000000,10,5,181.4,20,4,5,euro
180000000,14,5,178,21.4,6,8,without
199000000,6,5,177,25,3,7,euro
62000000,5,5,136,20,2,14,without
69000000,2,5,198.9,36,10,19,euro
130000000,5,5,172,13,4,5,euro
46500000,13,6,187,26.6,9,9,without
148900000,7,6,200,23.2,20,22,without
72157940,11,6,172.9,20,27,27,without
89000000,6,6,189,22,3,5,without
35000000,6,6,88.2,10,12,17,without
88000000,11,6,181.7,13,15,15,without
82000000,8,6,176,21.2,2,6,cosmetic
82000000,13,6,176,21.2,2,6,without
38900000,4,6,103.2,14.3,3,6,cosmetic
61999999,15,6,138,18.1,33,46,without
104000000,9,6,161,20,22,28,without
106140000,8,6,183,20,23,24,without
32080036,8,1,47.5,10.6,29,37,euro
24072793,5,1,38.1,14.7,30,41,euro
26890000,1,1,43.5,18.9,11,14,euro
26898520,11,1,45.2,10.4,8,17,euro
39463466,3,1,62.5,11.8,29,41,without
47442265,15,1,51.35,10.9,2,6,without
11000000,15,1,41.5,10.5,9,25,cosmetic
11200000,6,1,36.9,11.7,4,16,cosmetic
18670000,10,1,36.17,9.6,14,28,euro
52452400,16,1,52.4,11,11,18,without
16998097,5,1,40.19,19,3,54,cosmetic
26166400,10,1,48.1,15.5,17,21,euro
21000000,8,1,36.2,4,13,41,euro
23227228,5,1,44.44,10.3,6,57,euro
19166784,6,1,44.8,17,2,25,euro
22726909,8,1,37.7,3.9,7,13,euro
26655920,20,1,40.4,5.9,5,22,euro
20271104,17,1,40.4,11,2,43,euro
29201550,8,1,30.45,9.2,2,14,euro
31727850,8,1,46.9,10.5,13,13,euro
23863000,18,1,49,21.3,4,32,euro
18443384,7,1,41.39,10.1,32,44,euro
35000000,15,1,45,10.4,5,14,euro
17182500,20,1,43.5,11.8,6,28,cosmetic
24851960,16,1,39.1,11.5,2,38,euro
15800000,7,1,33.7,9.4,24,41,cosmetic
19000000,8,1,43.34,5,23,55,euro
25000000,14,1,69.7,15,7,27,euro
31000000,14,1,48.73,22.8,5,8,euro
35980759,14,1,60.05,22.5,5,33,euro
20342989,16,1,45.7,21.1,12,22,euro
15521892,15,1,31.9,10.8,31,48,cosmetic
17602146,15,1,39.7,9.9,14,36,euro
22921100,8,1,48.5,10.7,28,34,euro
31000000,8,1,70.2,12.4,5,19,euro
18677971,4,1,45.31,12.2,4,17,euro
49571000,1,1,52.18,31.2,2,9,without
18695759,9,1,35,10,15,32,euro
18653329,14,1,37.7,15,4,11,euro
18990000,17,1,37.5,14.5,5,43,euro
23175600,13,1,43.4,11.6,3,27,euro
15560203,15,1,29.8,9,5,26,cosmetic
18395650,3,1,37.75,16.7,6,30,euro
23381500,13,1,46.3,10.5,15,25,euro
17130504,19,1,40.1,10,14,24,cosmetic
19150000,14,1,45.1,18.5,21,29,euro
21411928,3,1,41.2,12.4,12,20,euro
8080293,9,1,23.4,8.6,13,14,cosmetic
10832290,6,1,39.4,11.6,10,17,cosmetic
14750000,3,1,37.26,9.7,12,21,cosmetic
16419450,3,1,41.1,10.1,3,21,cosmetic
17880329,2,1,45.6,19.1,2,23,euro
19055000,10,1,41.2,11.9,11,25,euro
20100000,8,1,41.9,18,2,24,euro
20143852,6,1,40.26,10,11,25,euro
21720988,6,1,37.5,10.7,2,16,euro
35591626,11,1,53.3,11,3,41,euro
7038389,15,1,23.8,8.6,2,24,cosmetic
14150136,2,1,34.1,9.5,14,28,cosmetic
15616224,11,1,46.8,10.5,14,21,cosmetic
16150680,20,1,29,9,17,19,cosmetic
17800000,8,1,43.52,17,20,57,euro
26707400,16,1,41,20.4,20,30,euro
12608742,10,1,42.94,10.2,4,16,cosmetic
16500000,12,1,32.5,9.3,8,32,cosmetic
18999980,6,1,44.9,10.4,10,35,euro
24500000,7,1,27.5,4,5,19,euro
7680024,17,1,34.6,12.1,3,16,cosmetic
9708098,13,1,36.9,9.7,9,17,cosmetic
9916679,8,1,35.6,11.3,3,7,cosmetic
17514480,12,1,36.56,16.4,16,21,euro
18489120,6,1,29.63,9.6,31,51,euro
9846549,18,1,33.3,9.8,8,30,cosmetic
10023842,11,1,40.9,10,21,22,cosmetic
18500000,3,1,43,10,6,40,euro
20085912,6,1,47.2,19.9,3,25,euro
20748078,6,1,46.8,18.3,13,25,euro
23375869,3,1,38,9.8,6,41,euro
25436116,3,1,38.8,9.8,2,41,euro
50248000,13,1,55.3,11.2,2,18,without
8500000,10,1,40.4,12,11,15,cosmetic
21562092,13,1,47.2,20.5,8,20,euro
24286694,5,1,37.7,14.6,18,41,euro
31786311,2,1,51.9,7.4,2,26,euro
18286490,13,1,38.77,18.7,4,20,euro
20200660,14,1,38.93,18.8,6,20,euro
26204990,2,1,42.7,6.9,18,43,euro
19045534,18,1,32.3,8.2,19,29,euro
22500000,19,1,48.77,3,13,14,euro
21900000,26,1,39.1,9.9,17,43,euro
22600000,9,1,46,18,6,20,euro
34050000,8,1,81.3,13.4,10,13,euro
19700000,6,1,45,17,25,51,euro
19200000,3,1,43.61,10,17,20,euro
29000000,2,1,40.8,10,15,21,euro
8700000,6,1,33.77,8,4,20,cosmetic
13950000,13,1,36.3,9.6,4,22,cosmetic
17100000,15,1,40.1,17.8,4,16,cosmetic
25000000,7,1,61.3,11.3,6,8,euro
25400000,12,1,41.1,13.8,5,21,euro
28000000,20,1,70.8,15.1,8,33,euro
6324997,10,1,23.93,4.5,6,15,cosmetic
6910078,18,1,32.03,10.9,9,9,cosmetic
7331153,19,1,32.5,14.7,2,17,cosmetic
7489705,8,1,25.4,8.7,2,16,cosmetic
7555400,12,1,32.7,16.3,4,14,cosmetic
7618549,12,1,31.9,10.5,2,17,cosmetic
7809556,12,1,32.3,16.2,16,17,cosmetic
7792964,13,1,36.3,10.5,11,14,cosmetic
7850000,15,1,32.51,14.8,17,17,cosmetic
7906171,18,1,35.9,17.2,10,17,cosmetic
8137000,17,1,41.2,12.9,9,9,cosmetic
8100000,17,1,33,9.4,6,18,cosmetic
8165400,14,1,37.2,13.4,14,14,cosmetic
8200000,12,1,36,18.1,16,17,cosmetic
8209688,11,1,32.28,16.2,17,17,cosmetic
8200000,8,1,23.2,8.6,17,17,cosmetic
8334900,16,1,34.3,8.9,5,12,cosmetic
8534309,17,1,37,11.7,7,15,cosmetic
8651376,17,1,36,11.2,10,15,cosmetic
8878600,17,1,41.2,12.9,6,12,cosmetic
8892400,9,1,37.2,11.5,14,14,cosmetic
8821450,9,1,37.2,11.5,15,15,cosmetic
8843959,31,1,31.8,10.1,17,25,cosmetic
8911193,11,1,35.5,9.6,14,19,cosmetic
8935670,5,1,36.4,14.7,2,16,cosmetic
8904194,13,1,44.4,18.7,9,14,cosmetic
9185700,9,1,40.6,13.6,2,15,cosmetic
9126804,14,1,32.6,10.6,2,17,cosmetic
9271040,18,1,35.6,12.9,2,30,cosmetic
9329878,19,1,46.8,18.4,8,17,cosmetic
9284216,4,1,34,10.5,3,32,cosmetic
9390720,17,1,43.8,11.2,5,9,cosmetic
9366953,31,1,31.7,15.9,14,25,cosmetic
9537011,17,1,33.9,12.3,2,21,cosmetic
9549880,9,1,32.5,10.5,17,17,cosmetic
9501203,14,1,32.6,16.1,20,33,cosmetic
9564970,14,1,43.3,17.2,8,14,cosmetic
9605194,6,1,33,16.1,4,33,cosmetic
9737088,6,1,35.2,10.7,4,13,cosmetic
9705985,13,1,36.1,9.6,12,17,cosmetic
9673541,8,1,36.6,10.8,9,9,cosmetic
9661921,13,1,35.06,11.7,2,15,cosmetic
9660148,9,1,32.5,10.5,11,17,cosmetic
9737184,18,1,34.2,16,13,16,cosmetic
9821420,14,1,43.4,17.2,8,14,cosmetic
9840544,6,1,34.1,10.8,14,15,cosmetic
9795427,13,1,34.97,11.7,12,15,cosmetic
9872741,6,1,34.3,10.9,12,15,cosmetic
9877569,9,1,32.6,16.1,14,17,cosmetic
9990000,8,1,32,9.3,14,17,cosmetic
10036936,5,1,32.44,16.4,4,33,cosmetic
10023882,21,1,33.8,16.8,25,25,cosmetic
10030162,5,1,32.2,14.7,16,19,cosmetic
10226930,18,1,36.1,9.7,15,30,cosmetic
10198573,18,1,36.1,16.6,13,30,cosmetic
10206800,19,1,32.3,16.2,9,33,cosmetic
10179579,4,1,32.3,16.3,15,32,cosmetic
10280447,3,1,34.08,10.6,7,33,cosmetic
10405301,13,1,38.6,9.8,15,17,cosmetic
10490949,19,1,34.4,17,33,33,cosmetic
10467171,3,1,32.4,10.6,33,33,cosmetic
10500000,10,1,45,19,2,21,cosmetic
10500000,6,1,30.2,9.1,21,22,cosmetic
10601441,6,1,34,10.5,16,17,cosmetic
10567656,16,1,32.1,16.1,14,14,cosmetic
10555993,5,1,27.4,3.6,2,22,cosmetic
10599833,5,1,27.4,3.6,5,22,cosmetic
10705030,18,1,38.5,13,12,30,cosmetic
10735695,14,1,28.47,9,5,9,cosmetic
10715248,15,1,33.5,9.4,20,24,cosmetic
10781275,9,1,38,10.9,14,18,cosmetic
10847917,4,1,35.9,16.2,40,53,cosmetic
10840170,8,1,32.1,10.5,17,33,cosmetic
10820930,3,1,36.18,17.3,20,33,cosmetic
10915155,6,1,35,9.7,16,16,cosmetic
10914361,14,1,34.6,12.1,3,15,cosmetic
10924226,11,1,47,10.5,1,19,cosmetic
10986500,11,1,30.1,11.5,10,29,cosmetic
10945180,10,1,33.4,9.4,14,17,cosmetic
10918497,17,1,33.3,9.4,12,16,cosmetic
10935700,3,1,32.3,16,19,33,cosmetic
11031049,11,1,41.7,10.1,15,22,cosmetic
49068328,8,2,74.6,12.8,12,36,without
54720000,12,2,90,14.3,3,12,without
58780000,1,2,74.4,22.7,14,14,without
48858726,7,2,51.2,10.9,28,34,without
40531259,3,2,70.1,12.4,15,41,without
47276605,15,2,55.8,11.3,7,11,without
29210815,16,2,58,22.3,4,27,euro
52100000,13,2,66.7,11.3,4,7,without
23547982,9,2,47.5,10.6,9,22,euro
16850000,7,2,34.3,6.4,3,32,cosmetic
29342500,8,2,50,10.8,2,32,euro
27540000,10,2,59.63,21.5,17,21,euro
31407500,9,2,73.9,19.5,2,21,euro
58893780,11,2,108.6,15.6,9,17,without
17168000,4,2,63.6,19.9,2,16,cosmetic
30664646,5,2,59.57,11.6,3,57,euro
34336326,5,2,70.7,28,28,49,euro
31107719,4,2,71.5,12.6,5,20,euro
37350677,8,2,65.7,5.4,6,13,euro
32456220,13,2,66.7,13.3,8,13,euro
21687330,18,2,42.7,10.2,7,42,euro
36453150,8,2,41.19,10,2,14,euro
22512000,20,2,56,14.9,18,28,euro
22813650,8,2,65.5,12.1,18,34,euro
25814040,14,2,66.36,12.1,8,55,euro
26281000,18,2,64.1,16.1,32,32,euro
27000000,7,2,78,18.4,15,52,euro
32354969,18,2,69.1,16.5,9,29,euro
24000000,15,2,56.1,12,8,27,euro
24000000,15,2,56.1,12,8,27,euro
24000000,15,2,56.1,12,8,27,euro
31000000,14,2,68.7,4.4,8,13,euro
39856000,18,2,47,3.7,5,8,without
59183800,7,2,114.92,15,4,19,without
31616040,16,2,48.7,10.3,6,38,euro
50983800,13,2,85.4,22.1,7,17,without
27060879,16,2,61.7,15.8,6,25,euro
52168824,14,2,74.6,12.8,23,26,without
12004469,5,2,46,23.6,6,25,cosmetic
31283538,10,2,74.1,12.8,35,43,euro
22395960,8,2,46.6,10.5,30,34,euro
28905922,4,2,71.31,37.3,4,17,euro
36000000,5,2,94.2,14.4,7,8,euro
35964753,14,2,109.7,15.7,37,58,euro
26814806,13,2,55.9,10.9,23,27,euro
54000000,6,2,54,11.1,4,21,without
62000000,6,2,58.54,11.5,3,15,without
28782941,9,2,65.3,14,31,33,euro
22588696,14,2,54,11.1,3,21,euro
26605000,13,2,62.6,11.8,8,25,euro
28407622,3,2,70.5,23.7,8,30,euro
18902704,19,2,44.1,10.3,12,23,euro
26329387,1,2,45.6,20.4,7,19,euro
26900000,21,2,62.6,24.9,16,42,euro
27493393,3,2,67.6,20.3,3,24,euro
14117848,6,2,37.9,17.5,14,15,cosmetic
15930000,12,2,53.1,7.2,3,21,cosmetic
19385450,4,2,57.1,12.3,2,27,euro
21212323,4,2,57.91,11.4,2,28,euro
28840000,14,2,76.9,23.7,24,29,euro
42715100,8,2,76.41,13,2,11,without
62000000,5,2,58.54,22.5,3,15,without
24466924,2,2,54.7,13.9,2,23,euro
65008835,11,2,81.7,13.4,2,40,without
69900000,9,2,68,12.3,14,21,without
15250624,5,2,49.2,10.1,13,16,cosmetic
23000000,10,2,57.1,14,24,29,euro
26000299,6,2,54.2,25.3,3,16,euro
18654300,10,2,44.1,5.9,2,15,euro
21761000,11,2,92.6,10.1,3,21,euro
26829348,14,2,62.2,11.8,15,24,euro
30171525,2,2,68.3,15.4,23,47,euro
69293014,5,2,65.43,12.1,2,13,without
12772900,17,2,51.5,10.7,6,12,cosmetic
13466437,9,2,47,3.7,4,10,cosmetic
14788454,9,2,40.4,19.1,17,47,cosmetic
20500000,7,2,60.9,22.1,9,33,euro
38326230,16,2,72.3,29.4,14,30,euro
39600000,5,2,76.73,8.5,23,41,without
59900000,5,2,55,11.2,10,21,without
62000000,6,2,58.18,11.5,3,21,without
8734352,17,2,40.5,14,7,15,cosmetic
11070148,5,2,49.9,10.2,11,17,cosmetic
13187768,13,2,54.7,11.2,9,9,cosmetic
14824568,10,2,44.84,10.3,6,21,cosmetic
24872380,6,2,45.89,16,28,51,euro
25125120,13,2,56.29,18.9,16,21,euro
25779772,6,2,64.4,12,5,35,euro
13156022,11,2,63.8,11.9,15,19,cosmetic
13345709,18,2,55.8,13.2,21,30,cosmetic
25800000,5,2,49,10,30,41,euro
54826000,2,2,56.58,11.3,3,21,without
62046000,1,2,76.6,14,4,20,without
28800000,1,2,53.3,7,10,19,euro
28800000,5,2,56.6,11.3,28,41,euro
12703654,14,2,53.6,12.4,12,18,cosmetic
23400000,7,2,59.9,11.2,4,32,euro
18500000,7,2,54.2,10,6,52,euro
22900000,6,2,42.12,20,6,53,euro
23900000,29,2,48.7,10.7,26,40,euro
21499000,13,2,60.8,12,7,46,euro
27000000,13,2,71,20,16,20,euro
40500000,5,2,76,6.8,9,41,without
68000000,10,2,49,10.7,3,6,without
25499000,17,2,64.3,12.6,5,46,euro
50040000,7,2,55.6,11.2,12,46,without
65569500,10,2,48.57,10.7,5,6,without
12450000,9,2,53.7,11.8,9,15,cosmetic
24500000,21,2,64.2,21.3,7,17,euro
32000000,14,2,50,13,4,8,euro
38500000,5,2,77.7,13.1,9,24,euro
25780000,8,2,46,15,11,41,euro
12200000,7,2,49.6,10.2,7,16,cosmetic
20863376,13,2,42.44,22.3,3,20,euro
21497000,6,2,54.3,6,30,52,euro
26548746,18,2,49.7,8.3,10,29,euro
29670742,16,2,58.3,22.6,9,27,euro
31000000,14,2,48.73,10.7,5,8,euro
32074680,13,2,66.52,24,16,20,euro
33711793,3,2,60.3,11.6,6,41,euro
36021487,3,2,63.3,11.9,6,41,euro
36530631,5,2,57.6,19.9,24,41,euro
37628117,13,2,73.42,12.7,7,20,euro
38593280,18,2,70.4,16.9,22,29,without
39618984,3,2,69.5,12.4,8,41,without
40279000,18,2,47,3.7,8,8,without
41400000,5,2,78,8.6,32,41,without
44000000,13,2,59,25,12,12,without
50488727,7,2,49.3,10.7,20,34,without
50979269,7,2,49.3,10.7,21,34,without
52100100,18,2,65.7,16.5,5,8,without
51705900,18,2,65.7,16.5,3,8,without
25554869,6,2,63.1,17.1,16,25,euro
28849099,4,2,66.2,20.3,9,20,euro
34500000,2,2,50.3,10,9,21,euro
47984900,11,2,71.3,12.5,15,17,without
25000000,6,2,65,12,6,43,euro
37000000,2,2,61,20,17,21,euro
16558000,8,2,42.5,10.2,25,34,cosmetic
16723080,8,2,45.1,10.4,15,28,cosmetic
30587700,4,2,68.2,25,11,20,euro
33930000,2,2,37.7,17.8,20,21,euro
50500000,7,2,73.88,25.8,10,19,without
54000000,25,2,54,11.1,4,21,without
25500000,6,2,55,12,9,24,euro
26780000,8,2,46,15,17,41,euro
27500000,25,2,85,27.8,10,28,euro
28000000,29,2,69,11.9,3,15,euro
28200000,3,2,60,12,5,48,euro
30825000,8,2,41.1,12,3,13,euro
38500000,6,2,70,24,13,36,euro
30000000,17,2,71,17,12,41,euro
61552050,11,2,108.5,15.6,11,17,without
35250000,5,2,47,10.5,12,21,euro
64408973,5,3,88.2,13.9,33,36,without
51840000,12,3,81.2,21.9,7,12,without
40000000,6,3,95.8,20.4,9,17,without
58960000,12,3,95.4,28.2,8,14,without
60654000,3,3,91.9,14.2,35,41,without
59155379,15,3,85.3,13.7,5,11,without
38972930,16,3,79.4,25.2,9,27,without
68390000,11,3,98.9,9.5,2,21,without
37005026,9,3,80.8,13.3,18,22,euro
65325902,10,3,74.2,12.8,18,32,without
61135350,11,3,108.3,15.6,12,17,without
34380000,10,3,79.64,13.2,2,21,euro
37636906,5,3,93.85,34,32,54,euro
40450100,10,3,98.9,21.7,3,21,without
24500000,19,3,75.7,24.7,6,30,euro
51058942,5,3,102.15,15.1,44,57,without
30399454,6,3,75.7,17.7,13,25,euro
57463509,8,3,99,29.1,7,13,without
66540960,13,3,131.4,11.1,7,9,without
31605210,19,3,66.3,12.1,11,42,euro
61427720,8,3,79.88,13.2,2,14,without
31381922,17,3,63.5,6.8,9,43,euro
33919110,7,3,85.98,13.8,29,44,euro
39625600,18,3,85.4,15.4,32,32,without
20534220,8,3,60.2,11.6,3,22,euro
39395600,16,3,74.5,15,17,38,without
46500000,18,3,95.78,10.1,20,20,without
51758000,7,3,73.94,5,3,19,without
41946660,6,3,97.2,17.3,8,41,without
38657606,16,3,86.4,23.4,10,25,without
37941057,14,3,113.63,27.8,2,8,euro
52646486,14,3,93.16,25.2,6,33,without
28919022,10,3,71.7,13.6,20,30,euro
21870697,5,3,79.6,35.3,11,25,euro
36905610,10,3,86,13.8,43,43,euro
44513860,6,3,89.8,14.1,31,34,without
28646229,13,3,65.5,9,2,27,euro
45170359,9,3,97,37.7,10,32,without
29070417,14,3,74.4,25.4,7,11,euro
41111970,3,3,89.52,22.8,27,30,without
28377549,15,3,72,24,17,26,euro
35351280,11,3,88.8,14,24,25,euro
39580686,1,3,80,26.1,2,19,without
51729509,3,3,104.8,31.4,4,9,without
21828500,12,3,74.5,7.8,2,21,euro
29078280,19,3,78.1,13.1,19,24,euro
38880000,14,3,111.4,32.5,14,29,without
15507197,6,3,60.8,18.7,12,12,cosmetic
22500000,19,3,58,12,5,22,euro
29492791,4,3,82.79,13.5,3,28,euro
46579795,13,3,66.9,12.2,10,41,without
26757800,4,3,79.4,12.5,12,27,euro
37500000,17,3,83.7,13.6,19,43,euro
10800000,6,3,54.5,11.1,6,24,cosmetic
28254831,6,3,64.6,19.6,2,16,euro
30329603,5,3,73.6,13.4,14,26,euro
16648258,8,3,74.8,12.3,2,15,cosmetic
24052400,10,3,62.8,3.7,6,19,euro
32892135,2,3,88.1,13.9,39,47,euro
13046913,14,3,62.8,19.5,2,10,cosmetic
26610400,11,3,107.3,11.7,3,21,euro
32203990,14,3,82.3,13.4,5,24,euro
39219732,10,3,84.3,23.1,19,32,without
12322500,17,3,75,14.5,2,16,cosmetic
12834125,5,3,62.1,18.7,11,16,cosmetic
16752815,13,3,76.5,13,12,17,cosmetic
17924134,3,3,85.7,22.6,2,16,euro
19553240,10,3,66.59,12.1,6,21,euro
23937900,18,3,65.92,12.1,3,21,euro
34531280,5,3,88.09,16,11,41,euro
51652146,14,3,102.5,15.1,17,35,without
16836145,18,3,72.3,16.9,17,30,cosmetic
17368548,11,3,87.8,13.9,18,22,cosmetic
43900000,14,3,75,5.7,10,14,without
38000000,27,3,77.5,13.1,29,41,euro
41450000,14,3,68.4,5.5,3,14,without
31000000,21,3,58.5,9.4,14,42,euro
30900000,6,3,91.7,35.5,18,54,euro
26700000,12,3,79,21.2,13,47,euro
27000000,6,3,74.1,10.2,4,20,euro
44950000,17,3,92.1,33.3,38,46,without
41760000,16,3,80.3,8,12,32,without
42150000,16,3,84.3,5,9,32,without
48000000,7,3,67,5,6,8,without
30499000,4,3,68.7,22.1,8,13,euro
39900000,6,3,85.5,13.5,19,29,without
28800000,14,3,88.5,14,35,47,euro
31900000,10,3,61.2,14.7,4,25,euro
44900000,4,3,71,13,22,46,without
36500000,8,3,90.58,18.6,10,21,euro
28900000,12,3,64.1,11.9,2,33,euro
52227450,2,3,99,6.3,16,43,without
52804444,14,3,95.07,24.6,3,33,without
67138235,14,3,104.74,24.7,10,33,without
70938390,17,3,86.6,11.8,38,43,without
32054847,6,3,76.7,18.2,21,25,euro
32500000,18,3,66.3,24,19,46,euro
41027287,13,3,88.8,26.4,2,20,without
31101659,14,3,68.8,12.3,13,20,euro
36645828,3,3,83,24.7,20,30,euro
65043300,7,3,92.26,10,14,19,without
65469600,11,3,108,15.6,15,17,without
26500000,12,3,58.3,11.5,15,33,euro
28226582,3,3,64.6,5.2,18,30,euro
32524747,6,3,79.2,18.5,18,25,euro
56500000,5,3,99,7.6,23,41,without
31000000,17,3,72.6,20.9,21,41,euro
35987000,30,3,79.6,13.2,8,25,euro
39526452,13,3,89.51,14,7,20,without
40000000,6,3,76,15,9,41,without
51900000,3,3,136,17.9,25,32,without
62000000,6,3,98,25,7,41,without
67680000,17,3,84.6,13.6,17,32,without
28900000,24,3,82.2,15.3,9,28,euro
43999387,16,3,79.5,25.2,23,27,without
24490000,7,3,59,15.4,2,27,euro
28900000,7,3,64.1,11.9,2,33,euro
30500000,3,3,60,20,31,40,euro
31000000,6,3,65.82,5.3,8,55,euro
37000000,8,3,73.6,18,2,19,euro
39500000,9,3,107.8,7,31,34,without
68810269,8,4,108.1,15.6,9,37,without
52877241,16,4,104.2,15.3,23,27,without
42374125,9,4,93.2,14.4,3,22,without
70417039,8,4,121,16.7,14,32,without
37860840,18,4,83.8,13.6,30,42,euro
43521501,6,4,107,30.3,14,25,without
58103220,16,4,110.7,13,18,23,without
71574300,18,4,162.3,36.3,4,32,without
33851500,20,4,85.7,15.3,6,28,euro
48057113,16,4,110.5,23.7,19,22,without
71603400,16,4,104.5,12.4,30,48,without
25593861,18,4,114.9,26,19,24,euro
37156241,13,4,86,23.8,33,45,euro
41941550,8,4,93.1,14.3,30,34,without
37466440,3,4,93.8,8.1,17,30,euro
41364600,13,4,106.5,15.5,25,25,without
43289259,9,4,82.9,28.3,16,33,without
44371808,14,4,96.4,33.6,14,17,without
70000000,5,4,184.5,21.9,8,8,without
14819084,15,4,64.6,18,3,16,cosmetic
36983095,6,4,87.1,25.3,2,16,euro
20736849,5,4,85,26.3,2,16,euro
31330000,4,4,96.4,12.3,24,27,euro
70835210,13,4,108.4,15.6,18,41,without
35370450,10,4,94.7,7.2,9,25,euro
36763452,3,4,135.2,33.8,16,16,euro
46443600,2,4,116.4,15.2,43,47,without
33641055,11,4,110.1,15.7,2,21,euro
45846892,18,4,105.4,11.8,4,19,without
53417232,11,4,129.6,20,32,49,without
13806217,17,4,77.9,20.3,12,15,cosmetic
41592684,10,4,103.6,15.2,14,35,without
17614465,5,4,104.5,26.9,2,19,euro
25572839,13,4,109.6,15.7,13,17,euro
47933200,8,4,100,16,30,51,without
21706077,11,4,104.1,15.3,20,22,euro
17346768,18,4,80.8,17.7,15,30,cosmetic
27900000,10,4,82,13.4,6,43,euro
36000000,18,4,129,15.2,13,30,euro
43957847,6,4,107,30.3,16,25,without
45250876,6,4,106.9,15.5,22,25,without
45025638,6,4,106.9,15.5,21,25,without
54557930,16,4,104.3,15.3,25,27,without
60045382,17,4,99.6,27.5,25,28,without
67405020,16,4,110.9,13,21,23,without
49900000,23,4,95.7,29.4,5,23,without
33800000,6,4,105,15,13,43,euro
53000000,17,4,124.6,19,4,21,without
11932985,17,4,64.8,18.1,2,16,cosmetic
13119242,14,4,65,17.3,2,14,cosmetic
13221767,5,4,64.7,18.6,6,16,cosmetic
13240292,15,4,65.5,16.6,4,24,cosmetic
13796265,17,4,65.5,16.4,9,15,cosmetic
13806878,15,4,62.1,16.4,8,15,cosmetic
14111608,17,4,78.6,18.5,11,16,cosmetic
14500000,15,4,80.4,7.1,8,13,cosmetic
14769112,9,4,66.7,16.1,3,18,cosmetic
15692106,13,4,69.6,17.2,9,18,cosmetic
15912890,8,4,79,20.6,7,21,cosmetic
16254820,17,4,86.6,22.5,9,9,cosmetic
16897782,8,4,79,20.7,7,21,cosmetic
16936231,10,4,72.9,24.6,2,16,cosmetic
16989468,16,4,85.7,13.7,11,14,cosmetic
17058350,16,4,109.7,15.7,5,14,cosmetic
17212014,18,4,80.8,17.7,6,30,cosmetic
17337320,17,4,86.6,22.5,6,9,cosmetic
17545160,17,4,86.6,22.5,7,9,euro
17597242,11,4,61.9,16.4,11,16,euro
18091303,18,4,83.7,21.4,14,30,euro
17958539,18,4,83.6,21.9,14,30,euro
18540787,6,4,101.3,14.4,14,15,euro
19034498,9,4,87.8,22.1,9,18,euro
19039582,7,4,66.7,3,4,9,euro
19173330,17,4,93,28.5,7,21,euro
20099898,13,4,64.7,4.7,5,14,euro
21535947,12,4,73.6,18.3,12,18,euro
21500316,11,4,104.6,15.3,21,22,euro
21476447,5,4,71.3,3,8,16,euro
21761420,11,4,104.1,15.3,22,22,euro
22146076,7,4,104,15.2,18,20,euro
24356065,13,4,107.2,15.5,15,17,euro
24229338,9,4,82.4,31,32,47,euro
24810532,13,4,107.3,15.5,17,17,euro
25089760,8,4,82.1,13.4,2,28,euro
25869284,18,4,108.5,23.8,18,24,euro
25962400,14,4,78.2,4.8,24,26,euro
26143344,10,4,84.7,31.3,21,30,euro
26240761,7,4,73.72,7.3,24,34,euro
26246250,13,4,109.6,15.7,16,17,euro
26407999,14,4,80.58,13.3,4,13,euro
26258664,10,4,84.6,31.3,30,30,euro
26509241,10,4,84.7,31.3,25,30,euro
26917086,14,4,77.74,13.1,11,25,euro
26823067,14,4,80.58,13.3,9,13,euro
27178614,18,4,115,7.5,21,24,euro
27447095,7,4,73.75,6.9,24,34,euro
27607735,7,4,73.72,7.3,20,34,euro
28650000,14,4,95.5,5.2,3,12,euro
28712320,8,4,95.2,14.5,2,22,euro
29473982,11,4,101.4,15,2,29,euro
29396950,8,4,110,15.2,4,30,euro
29778030,8,4,87.3,13.9,13,34,euro
29915835,11,4,86.7,7.5,26,35,euro
29915127,20,4,108.6,15.6,4,20,euro
30273039,11,4,86.7,7.5,29,35,euro
30719235,11,4,88.5,8.3,25,35,euro
31089000,4,4,96.4,12.3,20,27,euro
31573676,11,4,86.6,5,2,32,euro
31597181,13,4,80.62,6,3,21,euro
31584900,8,4,82.9,13.5,22,34,euro
31622298,11,4,102.6,15.1,16,29,euro
31962635,13,4,79.26,6,15,21,euro
31931846,11,4,102.6,15.1,22,29,euro
32270000,4,4,100,14.8,17,25,euro
32018337,11,4,87.1,5,4,32,euro
33000000,14,4,101.4,17.9,2,28,euro
33541452,4,4,82.8,13.5,3,19,euro
33389132,6,4,108.52,15.6,17,21,euro
33630300,10,4,94.6,7.2,6,25,euro
33743270,17,4,86.9,24.2,2,27,euro
34500000,8,4,89,14,44,55,euro
34892872,13,4,80.62,6,5,21,euro
34842500,8,4,110,15.2,7,30,euro
35319989,8,4,100.89,15,29,49,euro
35424600,8,4,90.6,14.1,5,26,euro
35968200,8,4,90.6,14.1,8,26,euro
35722500,8,4,110,15.2,15,30,euro
36350270,17,4,86.9,24.2,9,27,euro
36333000,11,4,110.1,21.8,22,29,euro
36196644,6,4,88.6,10.1,3,29,euro
36663300,11,4,110.1,21.8,24,29,euro
36794055,13,4,108.2,21.8,31,32,euro
36482000,8,4,92.5,14.3,28,34,euro
36696529,3,4,93.8,8.1,13,30,euro
36846700,10,4,94.6,7.2,18,25,euro
36899520,6,4,95.2,14.5,17,34,euro
37513430,13,4,86.5,5.6,35,45,euro
41457240,8,5,108.3,15.6,33,34,without
18565735,17,5,94.7,23.3,5,14,euro
18476668,17,5,94.7,23.3,4,14,euro
18934626,17,5,94.7,23.3,6,14,euro
26398530,10,5,123.3,26.4,2,17,euro
28694400,10,5,122,26,15,17,euro
29578472,6,5,128.7,30.7,2,15,euro
31947461,6,5,136.7,34,2,15,euro
32034090,6,5,138,33.8,2,12,euro
34468676,16,5,187.8,18,2,23,euro
39356300,8,5,103,15.2,27,28,without
41834240,8,5,112.7,16,21,22,without
41698020,8,5,109.1,15.7,27,28,without
46213200,8,5,118.8,16.5,29,34,without
47373170,12,5,118.7,16.5,26,27,without
48591218,10,5,122.9,16.8,5,35,without
48742897,10,5,123.3,16.8,5,35,without
49756302,10,5,119.3,30.5,24,30,without
49797539,10,5,116.1,30,20,30,without
50621197,14,5,112.1,15.9,10,13,without
50352862,10,5,119.7,30.5,27,30,without
50914920,12,5,123.7,15.7,15,27,without
51632454,14,5,107.6,25,20,21,without
51392502,14,5,114.4,23.1,7,9,without
52156500,19,5,109,15.7,37,42,without
53006100,17,5,117.4,27.3,15,33,without
52806520,17,5,117.4,27.3,13,33,without
53675280,17,5,117.4,27.3,23,33,without
55464261,15,5,119.5,4.4,26,26,without
57084300,6,5,143.5,18.5,34,34,without
60406892,18,5,126.2,11.8,14,19,without
60636576,18,5,126.2,11.8,15,19,without
60062366,18,5,126.2,11.8,13,19,without
68758710,19,5,147.9,18.9,41,42,without
68385177,11,5,153.1,20,26,49,without
70000000,12,5,143,18.4,38,47,without
18648091,17,5,94.7,23.3,6,14,euro
18753818,17,5,94.7,23.3,4,14,euro
22077873,7,5,114.76,10.1,1,17,euro
27183000,10,5,123,26.3,3,17,euro
27515520,10,5,122.4,26,6,17,euro
27368640,10,5,122.4,26,5,17,euro
27639800,10,5,122.3,26,7,17,euro
28021950,10,5,122.1,26,10,17,euro
27908860,10,5,122.3,26,9,17,euro
28156260,10,5,122.1,26,11,17,euro
28560200,10,5,122,26,14,17,euro
28793520,10,5,121.8,26,17,17,euro
28793520,10,5,121.8,26,16,17,euro
28829158,8,5,125.7,16.5,4,16,euro
28682874,8,5,125.8,16.5,3,16,euro
29800563,8,5,125.4,16.5,11,16,euro
31452763,11,5,137.6,18,2,13,euro
33543358,5,5,136.9,34,2,15,euro
33842369,11,5,164.2,37,2,16,euro
34067199,11,5,151.8,33.7,2,16,euro
34217493,11,5,152.1,34,2,13,euro
34632798,11,5,165,30.8,2,16,euro
34857754,6,5,141.6,9.9,2,15,euro
36264749,11,5,149.3,34.7,2,16,euro
42760640,8,5,108.2,15.6,34,34,without
43418560,8,5,112.6,16,28,28,without
43763400,8,5,118.6,16.5,33,34,without
51108272,10,5,120.1,30.9,23,30,without
51708001,10,5,120.5,30.9,26,30,without
52136909,19,5,139.02,6.2,30,30,without
53009297,14,5,155.7,27.3,1,17,without
57044660,17,5,117.4,27.3,26,33,without
57115100,17,5,117.4,27.3,27,33,without
57736800,17,5,131.22,26.1,28,31,without
59920000,6,5,149.8,19,11,11,without
60060058,6,5,132.6,17.1,2,28,without
64445440,17,5,131.2,32.9,26,27,without
64889951,7,5,104.4,15.3,9,18,without
64518105,17,5,159.7,19.9,6,27,without
66242889,11,5,180.9,7.5,41,42,without
66767341,6,5,132.4,17.1,5,28,without
67058413,17,5,157.4,19.7,8,27,without
67238814,6,5,132.4,17.1,8,28,without
68429112,3,5,152.63,18,2,19,without
68853400,10,5,147.28,18.8,24,24,without
68546354,9,5,128.9,18.2,11,28,without
69206400,17,5,144,18.6,26,27,without
70269186,17,5,157.4,19.7,12,27,without
70629469,6,5,126.5,21.5,13,28,without
70821893,6,5,134.1,22.4,7,28,without
71301613,11,5,143.9,6.1,41,42,without
23666056,5,6,33.5,9.4,19,36,euro
17290000,1,6,27.1,7.7,10,14,cosmetic
28913370,9,6,116.9,5.4,10,10,euro
21768120,3,6,33,9.4,2,41,euro
15484667,17,6,23.8,5,2,28,cosmetic
12640000,10,6,23.8,8.6,7,26,cosmetic
24183900,11,6,39,9.9,9,17,euro
14833876,8,6,26.21,3.6,2,36,cosmetic
17966961,8,6,33.8,21.9,11,13,euro
6500000,10,6,21.73,3.5,3,21,cosmetic
7479000,14,6,25.1,5.8,41,45,cosmetic
19125000,16,6,36,9.6,10,23,euro
23052000,18,6,45.2,9,2,32,euro
14555343,16,6,25.4,4.8,18,22,cosmetic
28324800,7,6,33.72,3,6,19,euro
8225616,5,6,23.8,8.6,5,25,cosmetic
10548686,4,6,30.34,9.1,3,39,cosmetic
15400000,15,6,33,6.5,27,43,cosmetic
28245000,1,6,26.9,5,2,9,euro
13198144,14,6,22.6,5,4,11,cosmetic
12441000,12,6,37.7,9.8,3,21,cosmetic
12600000,13,6,51.6,10.9,4,17,cosmetic
13336534,15,6,26,5.3,22,26,cosmetic
13786589,3,6,27.9,5.2,2,30,cosmetic
9905100,3,6,24.1,5.3,27,27,cosmetic
10982050,10,6,23.9,3.8,8,25,cosmetic
15779006,6,6,24.5,5.6,3,16,cosmetic
7241920,10,6,22.4,5.4,2,13,cosmetic
6900728,14,6,21.3,5.3,2,14,cosmetic
9319050,9,6,35.4,3.1,2,10,cosmetic
6326160,17,6,24,3.6,5,16,cosmetic
7287232,8,6,26.3,3.1,9,9,cosmetic
8103679,11,6,22.35,8.5,4,21,cosmetic
17098860,16,6,31.8,3.6,25,26,cosmetic
6056623,11,6,21.1,8.4,12,19,cosmetic
7284959,18,6,22.4,5,3,30,cosmetic
12248520,13,6,28.12,9,7,21,cosmetic
16026504,7,6,26.4,4.2,23,43,cosmetic
16000000,7,6,28.9,10,34,41,cosmetic
14054360,13,6,26.57,5.2,5,20,cosmetic
14367059,13,6,24.93,4.6,12,20,cosmetic
15548571,13,6,27.73,5.5,13,20,cosmetic
15433723,13,6,26.56,5.1,7,20,cosmetic
9370000,10,6,25.4,8.7,13,27,cosmetic
14500000,17,6,30,10,2,41,cosmetic
21900000,26,6,43.2,10.2,23,43,euro
30900000,7,6,40,4,14,19,euro
5745000,13,6,28.9,5.3,7,9,cosmetic
14500000,13,6,29.31,10,15,35,cosmetic
22999999,5,6,63,11.9,4,19,euro
4812800,20,6,20.48,8.3,3,21,cosmetic
5500000,20,6,21.89,8.5,4,21,cosmetic
5640000,20,6,21.67,8.4,4,21,cosmetic
5678248,13,6,22,5.6,3,14,cosmetic
5665000,20,6,21.88,8.4,3,21,cosmetic
5653084,12,6,20.1,8.3,2,14,cosmetic
5707716,17,6,21,5.1,4,16,cosmetic
5974995,13,6,23.8,6,6,14,cosmetic
5940699,13,6,21.34,8.4,2,15,cosmetic
5987508,12,6,20.1,8.3,11,14,cosmetic
6133884,9,6,20,5.1,10,17,cosmetic
6218170,14,6,21.1,3.5,9,14,cosmetic
6236933,17,6,20.4,5.1,13,15,cosmetic
6310899,11,6,23.6,8.6,1,19,cosmetic
6357768,17,6,24,3.6,6,16,cosmetic
6497400,17,6,29.4,5.8,14,14,cosmetic
6490618,13,6,23.8,5.9,17,17,cosmetic
6536260,5,6,20.9,5.6,6,9,cosmetic
6642980,13,6,20.5,8.3,1,9,cosmetic
6627660,13,6,24.38,8.7,3,15,cosmetic
6696984,4,6,20,5.1,5,19,cosmetic
6757475,11,6,22.8,8.5,19,19,cosmetic
6792978,10,6,20.1,8.3,7,21,cosmetic
6838770,14,6,25.7,4.2,4,14,cosmetic
6812374,6,6,20.3,5.1,9,33,cosmetic
6939900,10,6,22.6,5.5,2,16,cosmetic
6929940,5,6,20,5.2,3,19,cosmetic
6933992,4,6,20,5.2,14,19,cosmetic
6935109,14,6,21.3,5.3,2,14,cosmetic
6900383,11,6,22,8.5,1,19,cosmetic
6923590,16,6,27.8,8.9,2,14,cosmetic
6977550,14,6,25.7,4.2,9,14,cosmetic
6977550,14,6,25.7,4.2,11,14,cosmetic
6952223,6,6,20,5.1,16,16,cosmetic
6981936,14,6,20.1,5.1,27,33,cosmetic
6974903,9,6,20,5.1,9,9,cosmetic
6968814,5,6,24.2,5.6,11,16,cosmetic
6997897,6,6,21.2,4.5,7,13,cosmetic
7064820,17,6,29.4,5.8,13,14,cosmetic
7050120,17,6,29.4,5.8,8,9,cosmetic
7017780,17,6,29.4,5.8,6,14,cosmetic
7051207,4,6,21.9,5.7,5,19,cosmetic
7115581,14,6,20.1,5.1,7,17,cosmetic
7160325,18,6,22.2,4.6,13,30,cosmetic
7201389,5,6,20.4,6.9,16,17,cosmetic
7200000,10,6,24.5,5,6,23,cosmetic
7251565,5,6,20.1,5.1,2,33,cosmetic
7267587,11,6,27.1,8.9,18,19,cosmetic
7322291,9,6,21.9,5.5,11,17,cosmetic
7333853,3,6,20.02,5.1,18,33,cosmetic
7317695,19,6,20.1,5,23,33,cosmetic
7420587,5,6,24,5.7,14,19,cosmetic
7469211,18,6,22.4,5,8,30,cosmetic
7553416,9,6,23.6,5.9,7,17,cosmetic
7550000,7,6,27.4,8.9,17,25,cosmetic
7680709,18,6,23.1,5,10,30,cosmetic
7746900,6,6,25.5,6.4,3,33,cosmetic
7728366,5,6,23.74,6,2,33,cosmetic
7724430,7,6,20.1,5.1,18,33,cosmetic
7702320,7,6,20.1,5.1,28,33,cosmetic
7789596,15,6,21.9,5,17,30,cosmetic
7769425,15,6,21.7,7.8,14,18,cosmetic
7767405,17,6,23.2,5.6,17,18,cosmetic
7767901,13,6,23.4,7.2,15,16,cosmetic
7880571,8,6,21.8,5.5,2,24,cosmetic
7935904,19,6,22.4,5.4,25,32,cosmetic
7928194,6,6,25.5,6.4,6,33,cosmetic
7957543,13,6,21.7,7.8,15,18,cosmetic
7918104,16,6,24.7,8.7,11,14,cosmetic
7973329,7,6,25.3,8.7,2,8,cosmetic
8028161,8,6,23.8,7.4,7,17,cosmetic
8011920,10,6,22.8,5.9,10,13,cosmetic
8107000,11,6,24.2,3.1,4,29,cosmetic
8181840,11,6,21.9,5.5,4,17,cosmetic
8248942,13,6,24.61,8.7,11,15,cosmetic
8219240,17,6,21.7,5.5,14,24,cosmetic
8232626,17,6,21.7,5.5,16,24,cosmetic
8250000,7,6,22.5,8,17,23,cosmetic
8358871,15,6,21.8,5.5,14,14,cosmetic
8349993,13,6,28.4,9,10,17,cosmetic
8310176,6,6,28,9,2,15,cosmetic
8381682,13,6,25.47,8.7,14,15,cosmetic
8475036,6,6,20,5.1,24,33,cosmetic
8427440,7,6,20.2,5.2,23,33,cosmetic
8458060,7,6,22.1,3.9,2,6,cosmetic
8400000,8,6,22.3,8.5,12,32,cosmetic
8527123,7,6,20,5.1,30,33,cosmetic
8516090,16,6,24.3,5.8,21,32,cosmetic
8541585,8,6,27.9,8.9,5,32,cosmetic
8500000,9,6,20.01,8.3,20,33,cosmetic
8645898,6,6,20.2,5.2,7,33,cosmetic
8558756,5,6,23.7,5,16,25,cosmetic
8645300,26,6,25.5,6.4,7,33,cosmetic
8676581,5,6,24,7.1,13,16,cosmetic
8740507,10,6,21.6,5.4,20,33,cosmetic
8723765,9,6,27.9,3.5,9,10,cosmetic
11000000,17,1,37.5,8,3,17,cosmetic
10800000,13,1,33.8,12,15,18,without
11950000,12,1,42,8.5,11,14,euro
12500000,15,1,39.8,9,1,16,cosmetic
38400000,10,1,54.1,12.7,13,14,without
8500000,35,1,36.7,12,4,24,cosmetic
11000000,10,1,35,11.5,13,26,cosmetic
11700000,24,1,46.9,13.6,8,14,euro
13200000,15,1,46.1,13,11,12,without
11500000,23,1,38.9,9,12,12,euro
8500000,36,1,43.8,12,9,22,cosmetic
9700000,10,1,35,10,19,20,euro
10500000,26,1,40.2,19,8,24,cosmetic
15900000,30,1,50.5,16.5,3,12,cosmetic
10950000,13,1,38.4,15.1,10,18,cosmetic
17190000,8,1,37.8,8.6,3,8,euro
9250000,17,1,36.6,9.8,20,23,cosmetic
25000000,6,1,41.6,13.7,21,24,euro
18200000,6,1,30,10,1,8,euro
8500000,26,1,40,11,8,21,cosmetic
14700000,23,1,46.7,8.2,7,12,euro
9200000,32,1,40.6,10,5,18,cosmetic
13600000,39,1,36.5,9,8,15,cosmetic
9980000,12,1,37.7,8.4,7,17,without
14000000,6,1,50.6,9.5,4,9,euro
19900000,5,1,45.2,15,15,42,without
23900000,7,1,47.4,14.5,2,13,euro
12400000,6,1,39,10,25,25,euro
12000000,12,1,36.7,10,3,12,cosmetic
7850000,15,1,32.9,8.3,2,3,without
13400000,10,1,36.4,10,8,14,cosmetic
11300000,8,1,38,8.1,17,17,euro
12600000,18,1,42,12.5,8,26,euro
12500000,29,1,35.5,13.8,3,17,euro
16500000,9,1,41.1,16.3,21,23,euro
12500000,15,1,34.3,10,9,16,cosmetic
13650000,13,1,46,12,20,32,euro
10150000,12,1,30.2,10,9,15,euro
11200000,25,1,34.5,11,16,25,cosmetic
13100000,10,1,38,10.3,11,26,cosmetic
11000000,30,1,50,15.2,11,12,without
8645000,16,1,34.7,9.2,5,9,cosmetic
15600000,9,1,42.4,16.5,15,23,euro
15990000,11,1,50.3,8,2,6,euro
14400000,12,1,38.5,10.1,10,22,cosmetic
7990000,20,1,37.8,10,5,15,cosmetic
